{"assets/Butterfly-209.mp4":["assets/Butterfly-209.mp4"],"assets/avatar.jpg":["assets/avatar.jpg"],"assets/bumble_bee_captions.srt":["assets/bumble_bee_captions.srt"],"assets/child3.svg":["assets/child3.svg"],"assets/child6.svg":["assets/child6.svg"],"assets/child7.svg":["assets/child7.svg"],"assets/child8.svg":["assets/child8.svg"],"assets/circle.svg":["assets/circle.svg"],"assets/dino2.svg":["assets/dino2.svg"],"assets/egypt1.svg":["assets/egypt1.svg"],"assets/flutter-mark-square-64.png":["assets/flutter-mark-square-64.png"],"assets/head1.svg":["assets/head1.svg"],"assets/login_top_gif.gif":["assets/login_top_gif.gif"],"assets/pexels-photo-396547.jpg":["assets/pexels-photo-396547.jpg"],"assets/place_view_page_banner_0.jpeg":["assets/place_view_page_banner_0.jpeg"],"assets/place_view_page_banner_1.jpeg":["assets/place_view_page_banner_1.jpeg"],"assets/place_view_page_banner_2.jpeg":["assets/place_view_page_banner_2.jpeg"],"packages/cupertino_icons/assets/CupertinoIcons.ttf":["packages/cupertino_icons/assets/CupertinoIcons.ttf"],"packages/flutter_vector_icons/fonts/AntDesign.ttf":["packages/flutter_vector_icons/fonts/AntDesign.ttf"],"packages/flutter_vector_icons/fonts/Entypo.ttf":["packages/flutter_vector_icons/fonts/Entypo.ttf"],"packages/flutter_vector_icons/fonts/EvilIcons.ttf":["packages/flutter_vector_icons/fonts/EvilIcons.ttf"],"packages/flutter_vector_icons/fonts/Feather.ttf":["packages/flutter_vector_icons/fonts/Feather.ttf"],"packages/flutter_vector_icons/fonts/FontAwesome.ttf":["packages/flutter_vector_icons/fonts/FontAwesome.ttf"],"packages/flutter_vector_icons/fonts/FontAwesome5_Brands.ttf":["packages/flutter_vector_icons/fonts/FontAwesome5_Brands.ttf"],"packages/flutter_vector_icons/fonts/FontAwesome5_Regular.ttf":["packages/flutter_vector_icons/fonts/FontAwesome5_Regular.ttf"],"packages/flutter_vector_icons/fonts/FontAwesome5_Solid.ttf":["packages/flutter_vector_icons/fonts/FontAwesome5_Solid.ttf"],"packages/flutter_vector_icons/fonts/Fontisto.ttf":["packages/flutter_vector_icons/fonts/Fontisto.ttf"],"packages/flutter_vector_icons/fonts/Foundation.ttf":["packages/flutter_vector_icons/fonts/Foundation.ttf"],"packages/flutter_vector_icons/fonts/Ionicons.ttf":["packages/flutter_vector_icons/fonts/Ionicons.ttf"],"packages/flutter_vector_icons/fonts/MaterialCommunityIcons.ttf":["packages/flutter_vector_icons/fonts/MaterialCommunityIcons.ttf"],"packages/flutter_vector_icons/fonts/MaterialIcons.ttf":["packages/flutter_vector_icons/fonts/MaterialIcons.ttf"],"packages/flutter_vector_icons/fonts/Octicons.ttf":["packages/flutter_vector_icons/fonts/Octicons.ttf"],"packages/flutter_vector_icons/fonts/SimpleLineIcons.ttf":["packages/flutter_vector_icons/fonts/SimpleLineIcons.ttf"],"packages/flutter_vector_icons/fonts/Zocial.ttf":["packages/flutter_vector_icons/fonts/Zocial.ttf"]}